{
    "WaveDat": [
        
        {
            "count": [4,8,10,12,20],
            "delay": 1,
            "curTime": 0
        },
        {
            "count": [0,3,5,6,7],
            "delay": 2,
            "curTime": 0
        },
        {
            "count": [0,0,0,1,3],
            "delay": 4,
            "curTime": 0
        },
        {
            "count": [0,0,0,0,1],
            "delay": 8,
            "curTime": 0
        }
        
    ],

    "Enemies": [
        
        { 
            "name": "un- defined",
            "hp": 4,
            "speed": 15,
            "objCol": [ 250, 120, 100],
            "flavorTxt": "Uncaught TypeError: Cannot read property \"obj\" of undefined"
        },
        { 
            "name": "out of bounds",
            "hp": 3,
            "speed": 20,
            "objCol": [ 250, 50, 50],
            "flavorTxt": "Uncaught (in promise) RuneTimeError: index out of bounds"
        },
        { 
            "name": "Missing 404",
            "hp": 6,
            "speed": 10,
            "objCol": [ 230, 190, 70],
            "flavorTxt": "NetworkError: 404 Not Found - http://ww.coolGifs.com/magic/fireball/fireball_01_2.gif/"
        },
        { 
            "name": "Syntax",
            "hp": 15,
            "speed": 5,
            "objCol": [ 250, 100, 250],
            "flavorTxt": "Uncaught SyntaxError: Unexpected end of input"
        }
    
    
    ],


    "Towers": [

        {
            "name": "Debug Log",
            "damage": 1,
            "range": 3,
            "shootSpeed": 1,
            "cost": 2,
            "bulletText": "\"Hello\"",
            "objCol": [ 200, 200, 100 ],
            "bulCol": [ 250, 190, 100 ]
        },
        {
            "name": "if check",
            "damage": 3,
            "range": 5,
            "shootSpeed": 2,
            "cost": 3,
            "bulletText": "False",
            "objCol": [ 200, 100, 200 ],
            "bulCol": [ 200, 90, 90 ]
        },
        {
            "name": "For Loop",
            "damage": 0.5,
            "range": 5,
            "shootSpeed": 0.5,
            "cost": 5,
            "bulletText": "let i",
            "objCol": [ 200, 50, 200 ],
            "bulCol": [ 120, 120, 230 ]
        },
        {
            "name": "Function",
            "damage": 5,
            "range": 9,
            "shootSpeed": 3,
            "cost": 10,
            "bulletText": "()=>Err",
            "objCol": [ 120, 200, 250 ],
            "bulCol": [ 200, 200, 150 ]
        }
    ]


}